customer_id,tenure_months,contract,internet_service,payment_method,monthly_charges,support_calls,has_tech_support,has_online_security,senior_citizen,churn
C00001,57,Two year,Fiber optic,Credit card,70.78,2,Yes,No,0,Yes
C00002,5,Two year,Fiber optic,Credit card,85.39,2,Yes,Yes,0,Yes
C00003,41,One year,No internet,Mailed check,71.91,2,No,Yes,0,No
C00004,32,One year,DSL,Bank transfer,,2,Yes,No,0,Yes
C00005,6,One year,Fiber optic,Credit card,61.98,2,Yes,No,0,Yes
C00006,12,Month-to-month,DSL,Credit card,99.7,0,Yes,No,0,No
C00007,27,Month-to-month,Fiber optic,Bank transfer,119.79,0,Yes,No,1,No
C00008,1,Two year,Fiber optic,Bank transfer,58.62,0,Yes,Yes,0,No
C00009,17,One year,DSL,Mailed check,51.08,0,Yes,Yes,0,No
C00010,10,One year,DSL,Electronic check,30.9,1,No,Yes,0,Yes
C00011,8,Month-to-month,DSL,Credit card,75.94,3,Yes,No,0,Yes
C00012,5,Month-to-month,Fiber optic,Bank transfer,73.1,5,Yes,No,0,Yes
C00013,4,Month-to-month,Fiber optic,Bank transfer,90.1,5,Yes,Yes,0,Yes
C00014,5,Two year,No internet,Mailed check,99.33,4,No,Yes,0,No
C00015,1,Two year,No internet,Credit card,57.92,0,Yes,Yes,0,No
C00016,58,One year,Fiber optic,Electronic check,71.87,1,No,Yes,0,No
C00017,32,Month-to-month,Fiber optic,Bank transfer,34.32,2,Yes,No,0,No
C00018,55,Month-to-month,DSL,Credit card,41.96,4,Yes,Yes,0,No
C00019,21,Month-to-month,Fiber optic,Credit card,47.52,0,No,No,0,Yes
C00020,9,Month-to-month,Fiber optic,Electronic check,87.83,0,No,No,0,Yes
C00021,34,Month-to-month,DSL,Electronic check,118.4,0,Yes,No,1,Yes
C00021,34,Month-to-month,DSL,Electronic check,118.4,0,Yes,No,1,Yes
C00022,60,Two year,No internet,Electronic check,37.91,0,No,Yes,0,No
C00023,16,One year,Fiber optic,Mailed check,82.55,4,No,No,0,Yes
C00024,15,Month-to-month,DSL,Credit card,118.05,5,No,No,1,Yes
C00025,35,One year,DSL,Mailed check,100.91,0,Yes,Yes,0,No
C00026,66,Two year,No internet,Credit card,114.57,1,Yes,Yes,0,No
C00027,71,One year,Fiber optic,Credit card,115.48,4,Yes,No,1,No
C00028,64,Month-to-month,No internet,Credit card,22.78,5,No,Yes,0,Yes
C00029,51,One year,DSL,Credit card,69.3,1,No,No,0,Yes
C00030,4,Month-to-month,DSL,Mailed check,21.18,0,No,Yes,0,No
C00031,25,Two year,No internet,Credit card,22.33,2,Yes,Yes,1,No
C00032,17,Month-to-month,No internet,Bank transfer,110.27,1,No,Yes,0,No
C00033,33,One year,DSL,Credit card,103.22,1,Yes,Yes,0,Yes
C00034,46,Month-to-month,No internet,Bank transfer,70.28,2,Yes,Yes,0,No
C00035,24,Month-to-month,DSL,Mailed check,37.25,0,No,Yes,0,No
C00036,54,Two year,Fiber optic,Credit card,41.01,1,Yes,Yes,0,No
C00037,65,Month-to-month,Fiber optic,Electronic check,100.17,2,No,Yes,0,No
C00038,20,One year,DSL,Bank transfer,107.98,2,No,Yes,0,Yes
C00038,20,One year,DSL,Bank transfer,107.98,2,No,Yes,0,Yes
C00039,45,Two year,No internet,Electronic check,43.21,4,No,No,0,Yes
C00040,27,Two year,DSL,Credit card,118.01,0,Yes,Yes,0,Yes
C00041,32,One year,Fiber optic,Credit card,116.71,2,Yes,No,0,No
C00042,20,One year,Fiber optic,Mailed check,105.57,1,Yes,No,1,No
C00043,34,Two year,Fiber optic,Bank transfer,22.69,3,Yes,Yes,0,Yes
C00044,40,Month-to-month,DSL,Credit card,91.91,0,Yes,Yes,0,No
C00045,14,Month-to-month,No internet,Credit card,65.57,0,Yes,No,0,No
C00046,53,One year,No internet,Mailed check,115.26,2,Yes,No,0,No
C00047,72,Two year,No internet,Mailed check,83.31,3,Yes,Yes,0,Yes
C00047,72,Two year,No internet,Mailed check,83.31,3,Yes,Yes,0,Yes
C00048,33,One year,DSL,Electronic check,30.25,1,Yes,Yes,1,No
C00049,43,One year,Fiber optic,Mailed check,103.86,0,Yes,No,0,No
C00050,19,One year,DSL,Bank transfer,49.09,3,Yes,No,0,No
C00051,72,One year,No internet,Credit card,49.89,3,Yes,No,0,Yes
C00052,36,Month-to-month,DSL,Bank transfer,85.73,1,Yes,No,0,No
C00053,39,One year,Fiber optic,Mailed check,59.96,4,Yes,Yes,0,No
C00054,72,One year,Fiber optic,Mailed check,,2,Yes,Yes,0,No
C00055,72,One year,DSL,Credit card,26.41,1,Yes,No,0,No
C00056,54,Month-to-month,No internet,Mailed check,68.9,4,No,No,0,No
C00057,9,Two year,No internet,Electronic check,61.06,3,No,Yes,0,No
C00058,1,Month-to-month,Fiber optic,Credit card,111.56,0,Yes,No,0,Yes
C00059,60,One year,No internet,Electronic check,50.35,0,Yes,Yes,0,No
C00060,45,Month-to-month,No internet,Mailed check,80.0,1,Yes,No,0,Yes
C00061,70,One year,Fiber optic,Credit card,108.74,4,No,Yes,0,Yes
C00062,67,Two year,Fiber optic,Electronic check,85.76,0,Yes,No,1,No
C00063,41,Month-to-month,Fiber optic,Mailed check,83.7,5,No,Yes,0,Yes
C00064,10,One year,Fiber optic,Electronic check,108.97,2,Yes,No,0,Yes
C00065,4,Two year,Fiber optic,Credit card,35.76,3,No,No,0,Yes
C00066,17,Month-to-month,No internet,Credit card,87.59,2,Yes,No,0,No
C00067,1,Two year,DSL,Mailed check,49.04,1,No,No,0,Yes
C00068,39,One year,No internet,Credit card,92.38,1,No,Yes,0,Yes
C00069,4,One year,No internet,Electronic check,30.04,0,Yes,No,0,No
C00070,18,Two year,Fiber optic,Credit card,53.14,1,Yes,No,0,No
C00071,33,One year,DSL,Bank transfer,50.68,1,No,Yes,0,No
C00072,38,Two year,DSL,Bank transfer,81.2,1,Yes,Yes,0,No
C00073,53,Two year,Fiber optic,Bank transfer,29.18,4,No,No,1,No
C00074,8,Two year,Fiber optic,Mailed check,110.93,5,No,Yes,0,Yes
C00075,21,Month-to-month,No internet,Electronic check,65.44,1,Yes,No,0,No
C00076,20,Month-to-month,Fiber optic,Credit card,23.31,1,Yes,No,0,Yes
C00077,4,Two year,No internet,Mailed check,60.32,1,Yes,No,0,No
C00078,59,Two year,Fiber optic,Credit card,31.74,0,No,No,0,No
C00079,48,Two year,Fiber optic,Bank transfer,108.26,4,Yes,Yes,1,No
C00080,30,Two year,Fiber optic,Credit card,114.02,4,No,No,0,No
C00081,66,Month-to-month,DSL,Credit card,20.06,0,No,Yes,0,No
C00082,29,Month-to-month,Fiber optic,Electronic check,65.49,1,No,No,0,No
C00083,7,Month-to-month,Fiber optic,Bank transfer,109.93,0,Yes,Yes,0,Yes
C00084,35,One year,No internet,Mailed check,53.49,5,No,No,0,Yes
C00085,30,Two year,No internet,Bank transfer,99.05,1,Yes,Yes,1,Yes
C00086,59,Month-to-month,Fiber optic,Electronic check,73.08,0,No,No,0,Yes
C00087,70,Month-to-month,DSL,Mailed check,118.77,0,No,No,0,Yes
C00088,41,Two year,Fiber optic,Electronic check,71.67,1,Yes,Yes,0,No
C00089,30,One year,Fiber optic,Mailed check,105.26,2,No,Yes,0,Yes
C00090,2,Two year,Fiber optic,Credit card,70.37,2,Yes,Yes,0,No
C00091,6,One year,Fiber optic,Electronic check,89.56,3,No,No,0,Yes
C00092,58,Month-to-month,Fiber optic,Credit card,66.68,2,Yes,Yes,0,No
C00093,5,Month-to-month,DSL,Credit card,109.01,0,No,No,0,No
C00094,29,One year,Fiber optic,Electronic check,75.19,0,No,Yes,1,No
C00095,51,Two year,No internet,Electronic check,93.74,2,Yes,No,1,Yes
C00096,31,Month-to-month,No internet,Mailed check,68.02,1,No,No,0,No
C00097,53,Month-to-month,DSL,Bank transfer,56.28,0,Yes,Yes,0,No
C00098,7,Month-to-month,No internet,Bank transfer,33.71,0,Yes,Yes,1,Yes
C00099,66,Two year,DSL,Bank transfer,59.4,0,Yes,Yes,0,No
C00100,17,Two year,No internet,Bank transfer,51.39,1,No,Yes,1,No
C00101,45,Month-to-month,DSL,Bank transfer,,2,Yes,Yes,1,No
C00102,8,Month-to-month,No internet,Bank transfer,86.66,5,No,Yes,0,No
C00103,42,One year,Fiber optic,Bank transfer,42.16,4,Yes,No,0,No
C00104,19,One year,No internet,Bank transfer,90.14,2,Yes,No,0,No
C00105,38,One year,No internet,Bank transfer,108.61,0,Yes,No,0,No
C00106,49,Two year,Fiber optic,Bank transfer,23.1,2,Yes,Yes,0,No
C00107,57,One year,Fiber optic,Electronic check,100.38,2,No,No,0,Yes
C00108,28,Month-to-month,No internet,Electronic check,112.65,5,Yes,Yes,0,Yes
C00109,42,One year,Fiber optic,Electronic check,108.63,1,Yes,No,0,No
C00110,72,One year,Fiber optic,Credit card,48.57,2,No,Yes,0,No
C00111,8,Month-to-month,No internet,Bank transfer,31.28,1,No,Yes,0,No
C00112,50,One year,No internet,Bank transfer,56.77,2,Yes,No,1,No
C00113,16,Two year,No internet,Bank transfer,100.12,0,No,No,0,Yes
C00114,17,One year,No internet,Bank transfer,61.93,2,No,No,1,Yes
C00115,36,One year,No internet,Electronic check,60.46,4,No,Yes,0,No
C00116,52,Month-to-month,No internet,Credit card,87.5,0,No,Yes,0,No
C00117,19,One year,DSL,Bank transfer,76.59,0,No,No,0,No
C00118,0,One year,No internet,Electronic check,20.4,1,Yes,Yes,1,Yes
C00119,27,Two year,No internet,Bank transfer,47.71,4,Yes,No,0,Yes
C00120,9,One year,Fiber optic,Electronic check,95.36,1,No,Yes,1,Yes
C00121,63,One year,Fiber optic,Electronic check,113.61,1,No,No,1,Yes
C00122,64,Two year,Fiber optic,Bank transfer,82.69,1,No,No,0,No
C00123,6,Two year,DSL,Bank transfer,,0,Yes,Yes,0,No
C00124,41,Two year,DSL,Electronic check,108.05,1,Yes,No,0,Yes
C00125,34,Month-to-month,No internet,Credit card,114.77,1,Yes,No,0,No
C00126,44,One year,No internet,Credit card,70.48,2,Yes,Yes,0,No
C00127,29,One year,No internet,Electronic check,71.52,0,No,No,0,Yes
C00128,32,Two year,No internet,Bank transfer,38.83,1,No,Yes,1,No
C00129,18,Month-to-month,DSL,Bank transfer,119.37,0,Yes,No,0,Yes
C00130,35,Two year,DSL,Electronic check,30.73,1,No,Yes,0,Yes
C00131,19,One year,DSL,Electronic check,53.37,4,Yes,No,0,Yes
C00132,9,Month-to-month,No internet,Mailed check,73.22,1,Yes,No,0,No
C00133,26,Two year,DSL,Mailed check,96.64,0,No,Yes,0,No
C00134,8,Two year,DSL,Bank transfer,107.04,3,Yes,Yes,0,Yes
C00135,15,Month-to-month,Fiber optic,Credit card,43.51,2,No,Yes,1,No
C00136,49,Month-to-month,No internet,Credit card,80.13,1,Yes,No,0,No
C00137,31,Month-to-month,Fiber optic,Bank transfer,33.22,4,No,No,0,No
C00138,12,One year,DSL,Electronic check,99.01,0,Yes,No,1,No
C00139,21,One year,No internet,Bank transfer,67.96,2,Yes,Yes,1,No
C00140,7,Month-to-month,Fiber optic,Credit card,99.02,4,Yes,No,0,Yes
C00141,32,Two year,No internet,Credit card,97.6,0,No,Yes,0,No
C00142,68,Two year,No internet,Electronic check,97.62,0,Yes,Yes,0,No
C00143,31,Two year,Fiber optic,Credit card,25.43,0,No,Yes,0,No
C00144,72,Two year,DSL,Credit card,81.8,5,Yes,No,0,No
C00145,37,Two year,No internet,Electronic check,60.5,1,Yes,No,0,No
C00146,62,Month-to-month,No internet,Mailed check,76.79,1,Yes,No,0,No
C00147,49,One year,No internet,Credit card,53.39,0,No,Yes,0,No
C00148,4,One year,Fiber optic,Credit card,115.1,1,No,Yes,0,Yes
C00149,47,One year,DSL,Electronic check,51.51,1,No,Yes,1,No
C00150,47,One year,DSL,Bank transfer,77.22,0,No,Yes,0,No
C00151,7,One year,DSL,Credit card,82.47,2,No,Yes,0,Yes
C00152,42,Two year,No internet,Electronic check,37.25,0,Yes,No,0,No
C00153,14,One year,No internet,Electronic check,90.3,1,Yes,Yes,0,Yes
C00154,52,Month-to-month,Fiber optic,Credit card,40.03,2,No,No,0,No
C00155,41,Month-to-month,DSL,Bank transfer,102.32,2,No,No,0,Yes
C00156,50,One year,DSL,Credit card,43.36,0,No,Yes,0,No
C00157,8,Two year,DSL,Credit card,110.96,1,No,Yes,0,Yes
C00158,45,Two year,DSL,Credit card,53.3,0,No,No,0,Yes
C00159,15,Month-to-month,DSL,Mailed check,109.94,4,No,No,0,Yes
C00160,14,Month-to-month,Fiber optic,Electronic check,37.25,4,No,No,0,Yes
C00161,65,Month-to-month,Fiber optic,Mailed check,102.19,1,Yes,Yes,0,No
C00162,33,One year,DSL,Credit card,113.66,1,Yes,No,0,No
C00163,44,Month-to-month,DSL,Electronic check,77.48,4,Yes,No,1,Yes
C00164,18,Month-to-month,No internet,Electronic check,34.07,1,Yes,Yes,0,Yes
C00165,13,One year,DSL,Credit card,39.29,2,Yes,Yes,0,No
C00166,19,One year,DSL,Credit card,99.55,5,No,Yes,0,No
C00167,3,One year,DSL,Mailed check,102.97,2,Yes,Yes,0,Yes
C00168,28,One year,Fiber optic,Electronic check,109.85,0,Yes,No,0,No
C00169,22,Month-to-month,DSL,Mailed check,45.34,1,No,Yes,0,Yes
C00170,23,One year,DSL,Electronic check,50.15,1,Yes,Yes,0,Yes
C00171,53,Two year,DSL,Bank transfer,86.98,0,Yes,No,1,No
C00172,36,Two year,No internet,Electronic check,67.59,3,Yes,Yes,0,Yes
C00173,63,Month-to-month,Fiber optic,Bank transfer,33.86,0,No,Yes,0,No
C00174,58,One year,Fiber optic,Electronic check,112.38,0,Yes,Yes,0,Yes
C00175,66,Two year,No internet,Credit card,96.23,1,Yes,Yes,0,No
C00176,23,Month-to-month,Fiber optic,Electronic check,49.44,3,No,No,0,Yes
C00177,3,One year,No internet,Credit card,,0,Yes,Yes,0,No
C00178,8,One year,DSL,Mailed check,54.2,0,Yes,No,0,Yes
C00179,45,Month-to-month,No internet,Credit card,62.96,2,No,No,1,No
C00180,59,Two year,No internet,Bank transfer,96.52,4,No,Yes,0,No
C00181,0,One year,Fiber optic,Electronic check,69.72,4,No,Yes,0,Yes
C00182,40,One year,No internet,Credit card,26.17,0,Yes,No,0,No
C00183,5,One year,DSL,Electronic check,62.62,2,Yes,No,1,Yes
C00184,27,Two year,Fiber optic,Bank transfer,117.87,4,Yes,No,0,Yes
C00185,2,Two year,No internet,Bank transfer,67.09,2,No,Yes,1,Yes
C00186,33,Two year,No internet,Mailed check,94.91,2,No,No,0,No
C00187,62,Month-to-month,Fiber optic,Bank transfer,23.91,4,No,Yes,0,Yes
C00188,23,Month-to-month,No internet,Bank transfer,88.63,4,No,No,1,Yes
C00189,7,One year,DSL,Bank transfer,41.75,5,Yes,Yes,0,Yes
C00190,46,Month-to-month,Fiber optic,Bank transfer,59.83,1,No,No,0,No
C00191,60,Month-to-month,DSL,Credit card,63.3,2,No,No,1,Yes
C00192,70,One year,No internet,Bank transfer,46.82,3,Yes,Yes,0,Yes
C00193,7,Two year,DSL,Electronic check,46.94,2,No,Yes,1,No
C00194,52,Month-to-month,DSL,Mailed check,44.52,2,No,Yes,0,No
C00195,62,Two year,Fiber optic,Electronic check,53.57,0,No,No,1,Yes
C00196,55,Month-to-month,Fiber optic,Credit card,51.55,2,No,No,0,No
C00197,64,One year,No internet,Electronic check,94.09,0,No,No,0,No
C00198,72,Two year,Fiber optic,Electronic check,103.99,1,No,No,0,No
C00199,55,Month-to-month,Fiber optic,Electronic check,102.13,3,No,Yes,0,No
C00200,71,One year,No internet,Mailed check,118.71,0,No,Yes,0,No
C00201,63,Two year,Fiber optic,Bank transfer,110.62,5,Yes,Yes,0,No
C00202,45,One year,DSL,Electronic check,20.9,1,Yes,No,0,No
C00203,47,One year,No internet,Credit card,34.86,1,Yes,Yes,0,No
C00204,62,Month-to-month,No internet,Electronic check,86.56,0,No,Yes,0,Yes
C00205,40,Month-to-month,Fiber optic,Bank transfer,80.93,5,Yes,Yes,0,No
C00206,22,Month-to-month,No internet,Mailed check,67.31,2,No,Yes,0,No
C00207,6,Two year,No internet,Electronic check,96.67,2,Yes,Yes,0,No
C00208,13,One year,DSL,Mailed check,,0,Yes,No,0,Yes
C00208,13,One year,DSL,Mailed check,,0,Yes,No,0,Yes
C00209,37,One year,Fiber optic,Electronic check,21.62,1,Yes,No,0,Yes
C00210,56,Two year,No internet,Mailed check,61.32,1,No,No,0,No
C00211,37,One year,Fiber optic,Electronic check,84.79,0,No,No,0,No
C00212,58,Month-to-month,Fiber optic,Mailed check,108.04,5,Yes,Yes,0,Yes
C00213,37,Two year,Fiber optic,Electronic check,73.18,0,Yes,No,0,No
C00214,69,Two year,DSL,Mailed check,26.86,2,Yes,No,0,No
C00215,2,Month-to-month,DSL,Mailed check,80.4,0,No,No,0,Yes
C00216,28,Month-to-month,DSL,Bank transfer,23.42,3,Yes,Yes,0,No
C00217,23,One year,No internet,Electronic check,81.52,4,Yes,No,0,Yes
C00218,4,Month-to-month,No internet,Bank transfer,47.05,0,Yes,Yes,0,Yes
C00219,49,Two year,Fiber optic,Credit card,20.71,1,No,Yes,0,No
C00220,18,Two year,No internet,Mailed check,40.39,0,Yes,No,0,Yes
C00221,59,Month-to-month,Fiber optic,Credit card,94.58,3,Yes,No,0,Yes
C00222,48,Month-to-month,DSL,Electronic check,33.87,1,Yes,Yes,0,No
C00223,9,Month-to-month,No internet,Credit card,,1,Yes,No,0,No
C00224,54,Two year,Fiber optic,Bank transfer,74.18,4,Yes,Yes,0,No
C00225,36,One year,Fiber optic,Mailed check,95.02,3,Yes,No,1,Yes
C00226,46,Two year,No internet,Bank transfer,119.9,3,No,Yes,0,Yes
C00227,35,Month-to-month,Fiber optic,Credit card,39.14,1,Yes,No,0,No
C00228,43,Two year,DSL,Electronic check,20.1,0,No,No,0,Yes
C00229,22,Two year,Fiber optic,Credit card,113.53,1,No,No,0,No
C00230,25,Month-to-month,No internet,Mailed check,88.53,1,Yes,Yes,0,No
C00231,58,Two year,Fiber optic,Bank transfer,74.78,3,No,Yes,0,No
C00232,20,Two year,Fiber optic,Mailed check,29.32,2,No,Yes,0,No
C00233,6,Two year,No internet,Bank transfer,48.7,3,No,No,0,No
C00234,34,Month-to-month,No internet,Mailed check,55.94,1,Yes,No,0,Yes
C00235,50,Two year,Fiber optic,Bank transfer,28.07,0,No,Yes,1,No
C00236,18,One year,No internet,Bank transfer,51.08,1,Yes,Yes,0,No
C00237,8,Two year,No internet,Mailed check,41.38,1,Yes,No,1,Yes
C00238,42,One year,Fiber optic,Mailed check,102.85,4,Yes,No,0,Yes
C00239,20,One year,No internet,Mailed check,52.04,2,Yes,Yes,0,No
C00240,40,Month-to-month,No internet,Bank transfer,95.93,1,No,Yes,0,Yes
C00241,62,One year,DSL,Bank transfer,27.71,0,Yes,Yes,0,No
C00242,55,One year,DSL,Bank transfer,111.11,3,Yes,No,0,No
C00243,49,Two year,No internet,Electronic check,45.12,1,Yes,Yes,1,No
C00244,10,Two year,Fiber optic,Credit card,42.59,4,No,No,1,No
C00245,26,Two year,No internet,Bank transfer,69.65,0,No,Yes,0,No
C00246,40,Month-to-month,No internet,Credit card,63.83,0,Yes,No,0,No
C00247,22,Two year,No internet,Electronic check,70.39,0,Yes,No,1,No
C00248,60,Month-to-month,Fiber optic,Electronic check,35.8,1,No,No,0,Yes
C00249,56,Month-to-month,Fiber optic,Mailed check,76.44,0,No,Yes,1,Yes
C00250,8,One year,Fiber optic,Mailed check,61.31,1,Yes,No,0,No
C00251,68,Two year,No internet,Credit card,20.3,5,No,Yes,0,No
C00252,26,Two year,DSL,Bank transfer,36.45,0,Yes,Yes,0,No
C00253,44,One year,Fiber optic,Electronic check,66.79,1,No,No,1,Yes
C00254,70,Month-to-month,Fiber optic,Mailed check,103.75,0,No,Yes,0,Yes
C00255,22,Month-to-month,DSL,Bank transfer,21.52,3,Yes,Yes,0,Yes
C00256,38,Month-to-month,Fiber optic,Credit card,55.51,1,No,Yes,1,No
C00257,25,Month-to-month,DSL,Credit card,50.27,1,No,Yes,0,No
C00258,53,One year,DSL,Credit card,27.13,0,No,No,0,Yes
C00259,72,Two year,Fiber optic,Bank transfer,,2,No,No,0,No
C00260,30,Month-to-month,Fiber optic,Electronic check,93.39,0,Yes,No,0,Yes
C00261,12,One year,Fiber optic,Bank transfer,70.31,3,Yes,No,0,No
C00262,6,Two year,No internet,Electronic check,79.93,0,Yes,Yes,1,No
C00263,55,Month-to-month,Fiber optic,Mailed check,109.42,1,No,Yes,0,No
C00264,56,One year,DSL,Bank transfer,37.07,2,No,No,0,No
C00265,52,Two year,Fiber optic,Credit card,33.31,1,Yes,Yes,0,No
C00266,37,One year,No internet,Electronic check,32.95,4,Yes,Yes,0,Yes
C00267,35,Two year,No internet,Credit card,32.8,1,No,No,0,No
C00268,14,Month-to-month,No internet,Credit card,104.86,3,Yes,Yes,0,No
C00269,57,Two year,DSL,Bank transfer,89.37,1,Yes,No,0,No
C00270,70,Two year,DSL,Mailed check,20.37,1,Yes,Yes,0,No
C00271,22,Two year,Fiber optic,Mailed check,55.43,1,Yes,No,0,No
C00272,9,One year,Fiber optic,Electronic check,80.13,2,Yes,No,0,No
C00273,4,Two year,DSL,Credit card,110.02,2,Yes,No,1,No
C00274,39,Two year,Fiber optic,Electronic check,29.17,1,No,Yes,0,Yes
C00274,39,Two year,Fiber optic,Electronic check,29.17,1,No,Yes,0,Yes
C00275,38,One year,No internet,Bank transfer,53.89,3,No,No,0,Yes
C00276,17,One year,No internet,Credit card,25.53,0,Yes,Yes,0,No
C00277,34,Month-to-month,Fiber optic,Credit card,102.2,2,Yes,No,0,No
C00278,71,Month-to-month,No internet,Bank transfer,110.21,1,Yes,No,0,Yes
C00278,71,Month-to-month,No internet,Bank transfer,110.21,1,Yes,No,0,Yes
C00279,16,Month-to-month,No internet,Credit card,105.72,1,No,No,0,No
C00280,53,One year,No internet,Mailed check,61.35,1,No,No,0,Yes
C00281,12,Month-to-month,No internet,Credit card,26.24,0,Yes,No,0,Yes
C00282,3,Month-to-month,Fiber optic,Credit card,,1,No,No,0,Yes
C00283,6,Month-to-month,No internet,Mailed check,43.25,2,Yes,Yes,0,Yes
C00284,47,Month-to-month,DSL,Mailed check,49.53,0,No,Yes,1,No
C00285,45,Two year,Fiber optic,Electronic check,32.52,0,,No,0,No
C00286,68,Month-to-month,No internet,Credit card,114.79,2,Yes,Yes,0,Yes
C00287,6,Two year,DSL,Electronic check,113.52,3,,Yes,0,No
C00288,10,One year,No internet,Credit card,61.63,5,Yes,Yes,0,Yes
C00289,38,One year,DSL,Credit card,69.12,0,Yes,No,1,No
C00290,25,Month-to-month,Fiber optic,Credit card,67.34,5,No,No,0,No
C00291,34,One year,No internet,Electronic check,118.78,4,Yes,Yes,0,No
C00292,48,One year,No internet,Credit card,99.57,4,Yes,No,0,No
C00293,13,Month-to-month,DSL,Electronic check,81.0,3,Yes,No,1,No
C00294,44,One year,DSL,Mailed check,79.11,0,Yes,Yes,0,No
C00295,3,Month-to-month,Fiber optic,Mailed check,84.69,1,No,Yes,0,No
C00296,33,Month-to-month,Fiber optic,Mailed check,109.18,1,Yes,No,0,No
C00297,8,Month-to-month,DSL,Mailed check,109.57,1,Yes,No,1,No
C00298,31,Two year,DSL,Bank transfer,30.01,2,No,Yes,1,No
C00299,15,One year,DSL,Bank transfer,71.79,2,Yes,Yes,0,No
C00300,37,Month-to-month,No internet,Credit card,,1,Yes,Yes,0,No
C00301,22,Two year,No internet,Credit card,67.12,0,No,Yes,0,No
C00302,26,One year,Fiber optic,Bank transfer,96.28,1,Yes,No,1,No
C00303,11,Month-to-month,DSL,Bank transfer,79.13,2,Yes,No,1,No
C00304,34,Month-to-month,No internet,Electronic check,,5,No,Yes,0,Yes
C00305,23,Month-to-month,No internet,Mailed check,119.68,0,No,Yes,0,No
C00306,45,One year,Fiber optic,Bank transfer,106.98,0,No,Yes,0,Yes
C00307,70,Two year,No internet,Electronic check,111.94,0,No,No,0,Yes
C00308,59,Two year,No internet,Credit card,83.53,4,Yes,Yes,0,No
C00309,63,Two year,Fiber optic,Bank transfer,58.27,5,No,No,0,No
C00310,24,Month-to-month,Fiber optic,Electronic check,21.55,0,No,Yes,0,Yes
C00311,6,One year,Fiber optic,Credit card,69.1,5,Yes,Yes,1,Yes
C00312,54,One year,DSL,Mailed check,35.83,3,No,No,0,No
C00313,13,Month-to-month,DSL,Bank transfer,95.08,5,No,Yes,1,Yes
C00314,13,Month-to-month,DSL,Electronic check,24.36,0,No,No,0,No
C00315,25,Two year,Fiber optic,Mailed check,21.89,3,Yes,Yes,0,No
C00316,57,One year,DSL,Credit card,118.29,0,No,No,0,No
C00317,0,One year,Fiber optic,Mailed check,65.82,2,No,Yes,0,Yes
C00318,70,Two year,DSL,Credit card,69.21,0,No,No,1,No
C00319,28,Month-to-month,No internet,Electronic check,33.66,2,No,No,0,Yes
C00320,57,Month-to-month,DSL,Mailed check,66.62,0,Yes,Yes,0,Yes
C00321,72,Two year,No internet,Credit card,61.1,3,No,Yes,1,No
C00322,13,Month-to-month,No internet,Bank transfer,44.82,2,No,No,0,Yes
C00323,40,Two year,Fiber optic,Electronic check,62.92,2,Yes,No,0,No
C00324,71,Two year,Fiber optic,Bank transfer,48.11,3,No,Yes,0,Yes
C00325,19,Month-to-month,Fiber optic,Bank transfer,113.88,2,Yes,Yes,0,Yes
C00326,57,One year,DSL,Credit card,67.95,1,Yes,Yes,0,Yes
C00327,43,One year,DSL,Mailed check,106.9,1,Yes,No,0,No
C00328,32,Month-to-month,DSL,Credit card,22.71,1,No,Yes,0,Yes
C00329,31,Month-to-month,Fiber optic,Credit card,37.84,2,Yes,No,0,Yes
C00330,11,One year,Fiber optic,Bank transfer,91.22,1,Yes,Yes,0,No
C00331,8,Month-to-month,Fiber optic,Bank transfer,60.0,1,No,Yes,0,No
C00332,40,Month-to-month,No internet,Mailed check,61.34,5,No,Yes,0,No
C00333,10,One year,No internet,Credit card,102.24,2,Yes,Yes,0,Yes
C00334,67,Month-to-month,No internet,Electronic check,112.19,1,Yes,No,0,No
C00335,4,One year,DSL,Electronic check,85.46,1,Yes,Yes,0,Yes
C00336,18,One year,DSL,Mailed check,113.85,1,Yes,Yes,0,No
C00337,66,One year,Fiber optic,Credit card,66.74,1,Yes,No,1,No
C00338,13,Two year,Fiber optic,Credit card,29.73,4,No,Yes,0,Yes
C00339,21,One year,No internet,Bank transfer,93.4,3,No,No,0,Yes
C00340,19,Month-to-month,No internet,Credit card,27.92,2,No,No,0,Yes
C00341,4,Two year,No internet,Credit card,85.11,0,Yes,Yes,1,Yes
C00342,40,Month-to-month,No internet,Electronic check,86.64,0,No,No,0,No
C00343,8,One year,No internet,Electronic check,94.79,2,Yes,Yes,0,No
C00344,46,Two year,No internet,Electronic check,82.94,1,Yes,Yes,0,No
C00345,61,Month-to-month,DSL,Bank transfer,117.85,3,Yes,No,0,Yes
C00346,15,Two year,DSL,Credit card,70.28,5,No,No,0,No
C00347,63,One year,DSL,Bank transfer,80.13,2,Yes,Yes,1,No
C00348,36,Two year,DSL,Bank transfer,114.71,4,Yes,Yes,0,Yes
C00349,45,One year,Fiber optic,Electronic check,41.39,2,Yes,No,0,No
C00350,46,One year,No internet,Bank transfer,39.27,1,No,Yes,1,No
C00351,38,One year,Fiber optic,Electronic check,46.65,2,Yes,Yes,1,No
C00352,62,One year,Fiber optic,Bank transfer,119.04,0,No,No,0,No
C00353,10,One year,Fiber optic,Electronic check,84.73,0,No,Yes,0,Yes
C00354,67,One year,DSL,Bank transfer,97.72,1,Yes,No,0,No
C00355,6,One year,DSL,Electronic check,27.18,1,No,Yes,0,Yes
C00356,47,Month-to-month,No internet,Credit card,101.88,0,No,No,0,Yes
C00357,45,Month-to-month,Fiber optic,Mailed check,59.81,2,Yes,No,0,No
C00358,22,One year,Fiber optic,Electronic check,29.5,4,Yes,No,1,Yes
C00359,32,Two year,No internet,Mailed check,77.4,0,Yes,Yes,0,No
C00360,39,Two year,No internet,Bank transfer,75.31,0,Yes,No,0,No
C00361,18,One year,No internet,Electronic check,,1,Yes,No,0,No
C00362,59,Month-to-month,Fiber optic,Credit card,55.34,3,Yes,No,0,No
C00363,3,One year,Fiber optic,Credit card,99.66,0,Yes,No,0,No
C00364,70,One year,No internet,Bank transfer,114.13,1,,Yes,0,No
C00365,50,One year,No internet,Credit card,54.64,4,No,No,0,No
C00366,55,One year,No internet,Credit card,100.52,5,Yes,Yes,0,No
C00367,20,Two year,DSL,Electronic check,26.64,0,Yes,Yes,0,No
C00368,12,Two year,Fiber optic,Bank transfer,115.64,2,No,No,0,No
C00369,11,One year,No internet,Credit card,,0,Yes,No,0,No
C00370,43,Month-to-month,Fiber optic,Electronic check,70.77,3,Yes,Yes,1,Yes
C00371,10,Two year,Fiber optic,Electronic check,,0,Yes,No,1,No
C00372,16,Two year,No internet,Bank transfer,38.83,3,,Yes,0,No
C00373,0,One year,No internet,Mailed check,31.47,0,No,Yes,0,No
C00374,67,Month-to-month,DSL,Bank transfer,109.99,1,No,No,0,Yes
C00375,24,One year,Fiber optic,Credit card,103.64,1,Yes,No,0,No
C00376,26,One year,DSL,Bank transfer,22.74,0,No,No,0,No
C00377,1,Month-to-month,DSL,Mailed check,,2,No,Yes,0,Yes
C00378,0,One year,Fiber optic,Mailed check,21.4,2,No,No,0,Yes
C00379,12,Month-to-month,No internet,Bank transfer,93.64,1,Yes,Yes,0,Yes
C00380,5,Month-to-month,No internet,Electronic check,23.81,0,No,Yes,1,Yes
C00381,0,One year,No internet,Mailed check,37.51,1,No,Yes,0,No
C00382,33,One year,DSL,Credit card,62.72,2,Yes,No,0,No
C00383,67,Month-to-month,Fiber optic,Mailed check,55.58,2,Yes,Yes,0,No
C00384,49,Two year,Fiber optic,Bank transfer,101.59,3,Yes,Yes,0,Yes
C00385,42,Two year,Fiber optic,Electronic check,32.04,1,No,No,0,Yes
C00386,63,Two year,No internet,Mailed check,105.28,5,No,Yes,0,No
C00387,10,Month-to-month,No internet,Mailed check,53.67,4,Yes,No,1,Yes
C00388,31,One year,Fiber optic,Electronic check,91.03,1,No,No,0,No
C00389,43,Two year,No internet,Mailed check,55.5,2,Yes,Yes,0,No
C00390,34,Month-to-month,No internet,Mailed check,118.42,0,No,No,0,No
C00391,44,Two year,Fiber optic,Electronic check,115.92,0,No,No,1,Yes
C00392,59,Two year,No internet,Mailed check,,0,No,Yes,0,No
C00393,48,One year,No internet,Electronic check,68.38,2,No,No,0,Yes
C00394,64,One year,No internet,Mailed check,94.16,0,Yes,Yes,0,No
C00395,9,Month-to-month,No internet,Electronic check,23.06,0,Yes,Yes,0,Yes
C00396,66,One year,DSL,Bank transfer,109.97,5,Yes,No,0,Yes
C00397,37,One year,Fiber optic,Credit card,,0,Yes,No,1,No
C00398,27,Two year,No internet,Mailed check,99.59,2,Yes,No,1,No
C00399,60,Two year,No internet,Electronic check,105.35,3,Yes,Yes,1,Yes
C00400,19,Two year,Fiber optic,Mailed check,67.85,5,No,Yes,0,No
C00401,29,Month-to-month,Fiber optic,Electronic check,102.97,0,No,Yes,0,Yes
C00402,43,Month-to-month,Fiber optic,Mailed check,26.69,0,Yes,Yes,0,Yes
C00403,45,One year,Fiber optic,Electronic check,29.54,2,No,No,0,No
C00404,24,One year,DSL,Electronic check,47.16,5,No,No,1,Yes
C00405,64,Two year,No internet,Mailed check,106.0,0,Yes,No,0,No
C00406,30,Month-to-month,No internet,Bank transfer,32.67,1,Yes,No,0,No
C00407,22,Two year,No internet,Credit card,103.49,4,No,Yes,0,Yes
C00408,44,Two year,DSL,Electronic check,79.31,1,No,No,0,No
C00409,59,One year,Fiber optic,Mailed check,84.81,2,No,Yes,0,No
C00410,9,One year,No internet,Electronic check,105.47,3,No,Yes,0,Yes
C00411,40,Two year,No internet,Credit card,54.61,3,Yes,No,0,No
C00412,39,One year,Fiber optic,Credit card,58.72,2,Yes,Yes,0,No
C00413,18,One year,Fiber optic,Bank transfer,,2,Yes,No,0,Yes
C00414,8,Two year,No internet,Mailed check,89.85,2,No,No,0,No
C00415,60,Two year,Fiber optic,Credit card,50.18,0,No,Yes,0,No
C00416,59,Two year,DSL,Mailed check,55.09,3,No,Yes,0,No
C00417,38,Month-to-month,No internet,Electronic check,25.5,0,Yes,No,0,No
C00418,45,One year,DSL,Bank transfer,93.39,3,Yes,No,0,Yes
C00419,18,Two year,DSL,Credit card,30.58,2,Yes,No,0,No
C00420,70,Month-to-month,No internet,Mailed check,26.81,0,No,Yes,1,No
C00421,48,Month-to-month,No internet,Credit card,106.29,0,Yes,No,0,Yes
C00422,46,One year,DSL,Mailed check,44.07,1,No,No,1,No
C00423,26,Two year,No internet,Bank transfer,53.06,1,No,No,0,No
C00424,0,Two year,No internet,Electronic check,67.53,1,Yes,No,0,No
C00425,8,One year,No internet,Bank transfer,36.3,0,No,No,0,Yes
C00426,35,Month-to-month,No internet,Bank transfer,47.48,3,Yes,Yes,0,No
C00427,27,Two year,Fiber optic,Credit card,45.27,3,No,No,1,No
C00428,9,Month-to-month,No internet,Credit card,20.4,1,Yes,No,0,Yes
C00429,55,Two year,DSL,Bank transfer,68.73,0,No,No,0,No
C00430,38,One year,Fiber optic,Bank transfer,48.84,0,No,Yes,0,Yes
C00431,65,Two year,DSL,Bank transfer,72.59,1,Yes,Yes,0,No
C00432,67,One year,DSL,Credit card,84.94,1,No,Yes,0,Yes
C00433,13,One year,DSL,Electronic check,60.27,4,Yes,Yes,0,Yes
C00434,41,Two year,Fiber optic,Electronic check,115.32,5,Yes,Yes,0,Yes
C00435,14,Two year,DSL,Electronic check,99.81,3,No,No,1,No
C00436,61,Month-to-month,Fiber optic,Electronic check,64.56,0,Yes,No,0,Yes
C00437,40,Two year,DSL,Credit card,70.72,1,Yes,Yes,0,No
C00438,38,Two year,No internet,Credit card,107.31,3,No,No,0,Yes
C00439,7,Two year,DSL,Credit card,,3,No,No,0,Yes
C00440,12,One year,Fiber optic,Credit card,54.27,1,No,No,0,Yes
C00441,68,Two year,Fiber optic,Credit card,92.03,2,No,Yes,1,No
C00442,5,Two year,DSL,Credit card,60.81,2,Yes,Yes,0,Yes
C00443,59,Month-to-month,No internet,Electronic check,52.36,2,No,No,0,No
C00444,14,Two year,DSL,Credit card,36.09,0,Yes,No,1,No
C00445,59,Month-to-month,No internet,Bank transfer,26.17,1,No,No,0,No
C00446,47,Month-to-month,No internet,Mailed check,31.69,4,Yes,No,0,Yes
C00447,55,Month-to-month,DSL,Bank transfer,93.75,0,No,Yes,0,No
C00448,0,Month-to-month,No internet,Mailed check,106.24,2,No,Yes,1,Yes
C00449,36,Two year,No internet,Bank transfer,72.53,2,Yes,No,0,No
C00450,65,Two year,Fiber optic,Mailed check,95.35,0,No,Yes,1,No
C00451,38,One year,Fiber optic,Electronic check,23.65,0,No,No,0,No
C00452,46,One year,Fiber optic,Electronic check,37.72,2,Yes,Yes,0,No
C00453,2,Two year,DSL,Electronic check,34.67,2,No,No,0,Yes
C00454,64,Month-to-month,DSL,Electronic check,26.74,0,Yes,Yes,0,Yes
C00455,19,Month-to-month,No internet,Electronic check,93.73,4,No,No,0,Yes
C00456,50,Two year,No internet,Mailed check,39.41,0,Yes,No,0,No
C00457,9,One year,No internet,Bank transfer,58.13,2,No,Yes,0,Yes
C00458,14,One year,No internet,Mailed check,112.87,0,No,No,0,Yes
C00459,22,Month-to-month,DSL,Bank transfer,94.05,2,No,No,1,No
C00460,51,One year,Fiber optic,Mailed check,105.26,1,No,No,0,No
C00461,0,Two year,No internet,Electronic check,38.85,5,Yes,Yes,0,No
C00462,8,One year,No internet,Bank transfer,46.96,4,Yes,Yes,0,Yes
C00463,24,Month-to-month,Fiber optic,Electronic check,41.03,2,No,Yes,0,No
C00464,59,Month-to-month,No internet,Credit card,81.61,5,No,No,0,Yes
C00465,58,Two year,No internet,Electronic check,85.44,0,Yes,No,0,No
C00466,53,One year,DSL,Bank transfer,87.97,1,Yes,Yes,0,No
C00467,2,Two year,No internet,Electronic check,97.42,5,No,Yes,1,Yes
C00468,31,One year,Fiber optic,Electronic check,70.89,0,No,No,0,No
C00469,70,Month-to-month,Fiber optic,Mailed check,73.25,0,Yes,No,0,No
C00470,38,One year,DSL,Credit card,51.6,2,No,No,0,No
C00471,70,Month-to-month,DSL,Electronic check,21.74,0,No,No,1,No
C00472,57,Two year,No internet,Electronic check,49.24,1,Yes,Yes,0,No
C00473,70,Two year,No internet,Electronic check,118.52,2,No,No,0,No
C00474,1,One year,DSL,Electronic check,92.74,3,No,Yes,0,Yes
C00475,34,Month-to-month,No internet,Mailed check,36.4,1,Yes,No,0,No
C00476,15,Month-to-month,No internet,Mailed check,55.48,0,No,No,0,Yes
C00477,21,One year,No internet,Credit card,47.27,1,Yes,Yes,0,No
C00478,60,One year,DSL,Credit card,109.65,0,No,Yes,1,No
C00479,42,Month-to-month,Fiber optic,Bank transfer,75.79,2,No,No,0,Yes
C00480,20,One year,Fiber optic,Credit card,,0,Yes,No,1,Yes
C00481,70,Month-to-month,DSL,Bank transfer,116.87,1,No,Yes,0,No
C00482,67,Month-to-month,DSL,Electronic check,93.96,0,Yes,No,0,No
C00483,51,One year,Fiber optic,Credit card,31.85,1,No,Yes,1,No
C00484,7,Two year,DSL,Credit card,116.38,2,Yes,No,0,No
C00485,30,Two year,No internet,Credit card,33.93,0,Yes,No,0,No
C00486,8,Month-to-month,DSL,Credit card,56.94,0,No,No,0,Yes
C00487,13,Month-to-month,DSL,Bank transfer,103.66,2,Yes,No,0,Yes
C00488,54,Month-to-month,No internet,Credit card,28.04,1,,Yes,0,No
C00489,49,Two year,Fiber optic,Mailed check,70.61,4,Yes,Yes,0,No
C00490,39,Two year,DSL,Bank transfer,22.95,5,No,No,1,Yes
C00491,8,Month-to-month,No internet,Electronic check,117.78,2,No,Yes,0,No
C00492,18,One year,DSL,Bank transfer,50.42,1,No,No,0,No
C00493,7,Month-to-month,DSL,Electronic check,44.59,0,Yes,No,0,No
C00494,20,Two year,DSL,Electronic check,97.82,2,No,Yes,0,No
C00495,12,Two year,No internet,Electronic check,103.91,1,No,No,0,Yes
C00496,47,One year,Fiber optic,Credit card,112.97,0,Yes,No,0,No
C00497,49,One year,No internet,Electronic check,86.91,2,No,Yes,0,No
C00498,9,Month-to-month,Fiber optic,Bank transfer,75.84,0,No,No,0,No
C00499,5,One year,Fiber optic,Mailed check,20.19,2,No,No,0,No
C00500,33,Month-to-month,Fiber optic,Electronic check,106.15,3,No,No,0,Yes
C00501,55,One year,No internet,Bank transfer,90.91,3,Yes,Yes,0,Yes
C00502,30,One year,DSL,Credit card,55.96,1,No,No,0,Yes
C00503,38,Month-to-month,Fiber optic,Mailed check,68.64,3,,No,0,No
C00504,51,Month-to-month,DSL,Credit card,57.99,2,No,No,0,Yes
C00505,56,Month-to-month,DSL,Mailed check,89.33,0,Yes,Yes,0,No
C00506,65,One year,No internet,Mailed check,64.07,0,Yes,Yes,0,Yes
C00507,49,Month-to-month,No internet,Bank transfer,27.46,0,Yes,Yes,0,Yes
C00508,24,Two year,Fiber optic,Electronic check,106.87,0,No,No,0,Yes
C00508,24,Two year,Fiber optic,Electronic check,106.87,0,No,No,0,Yes
C00509,36,Two year,Fiber optic,Bank transfer,87.02,2,No,Yes,0,Yes
C00510,4,Two year,No internet,Credit card,61.71,1,No,No,0,No
C00511,15,Month-to-month,Fiber optic,Bank transfer,64.5,0,Yes,Yes,0,No
C00512,68,Two year,No internet,Electronic check,49.83,2,No,Yes,0,No
C00513,34,Month-to-month,DSL,Mailed check,100.87,0,Yes,Yes,1,No
C00514,51,One year,Fiber optic,Electronic check,54.69,0,Yes,Yes,0,No
C00515,67,One year,Fiber optic,Credit card,21.51,1,No,Yes,0,No
C00516,6,Two year,No internet,Credit card,110.9,3,No,No,0,No
C00517,38,One year,No internet,Mailed check,20.79,0,Yes,Yes,0,No
C00518,56,Two year,Fiber optic,Credit card,111.14,3,No,Yes,0,No
C00519,63,Month-to-month,DSL,Credit card,21.05,3,No,No,0,Yes
C00520,65,One year,No internet,Credit card,89.08,2,No,No,1,Yes
C00521,34,Month-to-month,Fiber optic,Bank transfer,37.7,1,No,Yes,1,No
C00522,69,One year,No internet,Bank transfer,43.91,2,Yes,No,0,No
C00523,7,Two year,Fiber optic,Credit card,109.64,3,Yes,No,1,Yes
C00524,70,One year,Fiber optic,Bank transfer,93.84,0,Yes,Yes,0,Yes
C00525,38,One year,DSL,Bank transfer,29.72,1,Yes,Yes,0,Yes
C00526,47,One year,DSL,Credit card,96.78,1,No,Yes,0,Yes
C00527,32,Month-to-month,No internet,Bank transfer,67.81,0,Yes,No,0,No
C00528,34,One year,DSL,Bank transfer,113.15,1,Yes,Yes,0,No
C00529,72,One year,No internet,Mailed check,34.34,1,Yes,Yes,0,No
C00530,72,Two year,No internet,Mailed check,81.4,0,Yes,Yes,1,No
C00531,38,Two year,Fiber optic,Mailed check,113.28,3,No,No,0,No
C00532,43,One year,No internet,Mailed check,25.48,3,Yes,No,1,No
C00533,3,Month-to-month,No internet,Credit card,69.41,3,Yes,Yes,0,No
C00534,53,One year,DSL,Bank transfer,88.31,1,No,No,0,No
C00535,17,One year,Fiber optic,Bank transfer,42.09,0,Yes,No,0,No
C00536,49,One year,DSL,Credit card,28.55,3,Yes,Yes,0,No
C00537,29,Month-to-month,No internet,Bank transfer,24.03,3,No,Yes,0,No
C00538,18,Month-to-month,DSL,Bank transfer,44.21,1,No,No,0,Yes
C00539,62,Two year,No internet,Electronic check,117.64,0,No,No,0,No
C00540,66,Month-to-month,No internet,Mailed check,64.72,1,No,No,0,No
C00541,50,Month-to-month,No internet,Mailed check,74.24,1,No,No,0,No
C00542,48,One year,No internet,Electronic check,,3,No,No,0,Yes
C00543,67,One year,No internet,Bank transfer,62.99,0,Yes,No,1,No
C00544,48,One year,No internet,Bank transfer,35.93,0,Yes,No,0,Yes
C00545,34,One year,Fiber optic,Bank transfer,55.12,0,No,Yes,0,No
C00546,65,One year,No internet,Electronic check,53.65,2,No,Yes,0,No
C00547,56,Two year,DSL,Electronic check,33.46,2,No,No,0,Yes
C00548,27,One year,No internet,Credit card,93.57,4,Yes,Yes,0,No
C00549,17,One year,No internet,Bank transfer,36.51,1,Yes,Yes,0,No
C00550,53,One year,DSL,Mailed check,95.14,3,No,No,0,Yes
C00551,34,Month-to-month,Fiber optic,Mailed check,80.75,0,Yes,No,0,No
C00552,64,One year,DSL,Mailed check,20.3,0,No,Yes,0,No
C00553,69,Month-to-month,DSL,Electronic check,104.12,0,Yes,Yes,0,Yes
C00554,36,Two year,DSL,Bank transfer,34.46,3,Yes,Yes,0,No
C00555,39,Month-to-month,Fiber optic,Mailed check,74.87,0,Yes,Yes,0,Yes
C00556,55,Two year,Fiber optic,Credit card,28.67,3,No,No,1,No
C00557,26,Month-to-month,Fiber optic,Mailed check,51.26,2,No,Yes,0,No
C00558,44,Month-to-month,Fiber optic,Mailed check,103.74,0,No,Yes,0,No
C00559,29,Two year,DSL,Bank transfer,50.6,3,No,No,0,Yes
C00560,18,One year,No internet,Electronic check,82.21,1,No,No,0,Yes
C00561,38,One year,No internet,Bank transfer,108.33,5,No,Yes,0,No
C00562,39,Two year,Fiber optic,Mailed check,53.92,1,No,Yes,0,No
C00563,54,Two year,DSL,Credit card,40.72,2,Yes,Yes,0,No
C00564,46,Month-to-month,No internet,Bank transfer,107.59,1,No,No,0,Yes
C00565,16,Two year,DSL,Mailed check,70.51,0,No,No,0,No
C00566,17,Two year,Fiber optic,Credit card,71.56,0,Yes,No,0,No
C00567,1,Two year,Fiber optic,Bank transfer,34.76,1,No,Yes,0,No
C00568,13,One year,DSL,Bank transfer,54.68,1,Yes,No,0,No
C00569,16,Month-to-month,No internet,Credit card,117.35,2,Yes,Yes,1,No
C00570,26,One year,Fiber optic,Bank transfer,98.94,4,No,No,0,Yes
C00571,70,Two year,DSL,Electronic check,87.17,0,No,No,0,No
C00572,49,Two year,No internet,Bank transfer,64.57,1,No,No,0,No
C00573,26,Two year,DSL,Bank transfer,57.62,1,Yes,No,0,No
C00574,24,One year,No internet,Mailed check,67.41,4,Yes,No,0,No
C00575,66,Two year,Fiber optic,Credit card,40.71,4,Yes,Yes,0,Yes
C00576,28,Two year,DSL,Bank transfer,95.13,0,No,Yes,0,Yes
C00577,34,Month-to-month,No internet,Mailed check,64.19,5,Yes,No,1,Yes
C00578,65,Two year,Fiber optic,Bank transfer,67.21,0,Yes,Yes,0,No
C00579,44,Two year,DSL,Electronic check,81.47,2,Yes,Yes,1,No
C00580,26,Two year,Fiber optic,Credit card,56.39,0,No,Yes,1,No
C00581,25,Two year,DSL,Electronic check,56.47,3,Yes,Yes,0,Yes
C00582,12,One year,DSL,Credit card,55.95,1,Yes,Yes,0,No
C00583,38,Month-to-month,No internet,Credit card,109.47,2,No,No,0,No
C00584,43,Two year,No internet,Credit card,104.77,0,Yes,No,0,No
C00585,4,Two year,No internet,Electronic check,102.86,0,Yes,Yes,0,No
C00586,71,Two year,DSL,Credit card,77.58,5,No,No,0,Yes
C00587,24,Month-to-month,Fiber optic,Bank transfer,44.46,2,,No,1,Yes
C00588,46,Two year,Fiber optic,Mailed check,61.14,2,Yes,No,0,No
C00589,11,Two year,Fiber optic,Credit card,110.27,0,Yes,No,0,Yes
C00590,43,Month-to-month,DSL,Credit card,32.81,1,Yes,No,1,No
C00591,13,One year,No internet,Bank transfer,87.57,1,Yes,Yes,0,No
C00592,18,Month-to-month,DSL,Bank transfer,69.82,2,No,No,0,No
C00593,46,One year,Fiber optic,Credit card,77.02,3,Yes,Yes,0,No
C00594,23,One year,DSL,Bank transfer,62.14,2,Yes,No,0,No
C00595,13,Two year,Fiber optic,Mailed check,39.23,0,No,Yes,0,No
C00596,49,Month-to-month,No internet,Bank transfer,104.62,0,No,Yes,0,Yes
C00597,50,Two year,Fiber optic,Mailed check,54.85,4,Yes,No,0,No
C00598,49,One year,No internet,Mailed check,76.07,1,Yes,Yes,0,No
C00599,54,Two year,Fiber optic,Bank transfer,32.24,2,Yes,Yes,1,No
C00600,41,Two year,No internet,Electronic check,65.57,1,Yes,Yes,0,No
C00601,50,One year,Fiber optic,Mailed check,,0,Yes,Yes,0,No
C00602,43,Two year,DSL,Bank transfer,112.57,3,No,No,0,No
C00603,18,One year,Fiber optic,Bank transfer,119.58,2,No,No,0,Yes
C00604,39,Two year,DSL,Bank transfer,32.28,0,No,No,0,No
C00605,16,One year,DSL,Mailed check,31.69,0,Yes,No,0,No
C00606,48,Month-to-month,No internet,Mailed check,83.59,0,No,Yes,0,No
C00607,39,One year,DSL,Credit card,82.96,4,Yes,Yes,0,No
C00608,31,Month-to-month,No internet,Bank transfer,58.53,5,No,Yes,0,Yes
C00609,60,Month-to-month,No internet,Bank transfer,83.95,4,No,Yes,0,Yes
C00610,8,Two year,No internet,Credit card,72.55,0,Yes,Yes,0,No
C00611,40,Month-to-month,DSL,Credit card,25.69,0,Yes,No,1,Yes
C00612,31,Month-to-month,DSL,Electronic check,108.32,0,No,Yes,1,No
C00613,27,Two year,Fiber optic,Mailed check,58.2,2,Yes,No,0,No
C00614,18,One year,No internet,Electronic check,92.4,0,No,No,0,Yes
C00615,63,Two year,DSL,Bank transfer,59.36,2,No,Yes,1,No
C00616,38,Two year,Fiber optic,Credit card,104.84,1,No,Yes,1,No
C00617,18,Month-to-month,DSL,Bank transfer,22.98,1,No,No,0,Yes
C00618,14,Month-to-month,Fiber optic,Mailed check,38.5,4,No,No,0,No
C00619,15,Two year,No internet,Electronic check,22.19,3,No,Yes,0,No
C00620,13,Two year,No internet,Credit card,36.39,3,Yes,Yes,0,No
C00621,27,One year,DSL,Electronic check,101.33,0,No,Yes,0,Yes
C00622,32,One year,Fiber optic,Bank transfer,118.07,3,No,Yes,0,Yes
C00623,13,Month-to-month,No internet,Electronic check,36.83,3,Yes,Yes,0,Yes
C00624,20,One year,Fiber optic,Credit card,68.09,1,Yes,Yes,0,No
C00625,30,One year,No internet,Mailed check,86.61,0,No,Yes,1,No
C00626,0,One year,No internet,Electronic check,80.24,1,No,Yes,0,No
C00627,26,Month-to-month,DSL,Credit card,111.89,2,Yes,Yes,1,No
C00628,34,Month-to-month,Fiber optic,Bank transfer,77.63,2,Yes,Yes,0,Yes
C00629,14,One year,Fiber optic,Credit card,64.6,0,Yes,Yes,1,No
C00630,51,One year,DSL,Electronic check,45.16,2,Yes,No,0,No
C00631,22,One year,DSL,Electronic check,81.92,0,Yes,Yes,0,No
C00632,46,Month-to-month,DSL,Credit card,118.38,0,No,Yes,0,Yes
C00633,46,Two year,No internet,Bank transfer,91.36,0,Yes,Yes,0,No
C00634,26,Month-to-month,No internet,Electronic check,61.21,3,No,No,0,No
C00635,6,Two year,Fiber optic,Electronic check,81.99,2,Yes,Yes,0,No
C00636,18,One year,No internet,Electronic check,83.77,4,No,No,1,Yes
C00637,52,Two year,DSL,Electronic check,27.53,1,Yes,No,0,No
C00638,70,One year,DSL,Electronic check,,5,No,Yes,0,Yes
C00639,33,Month-to-month,Fiber optic,Electronic check,30.06,2,No,Yes,0,Yes
C00640,47,Two year,DSL,Mailed check,110.65,4,Yes,No,0,Yes
C00641,54,Two year,DSL,Electronic check,21.3,4,No,Yes,0,No
C00642,43,Two year,DSL,Electronic check,100.88,2,No,No,1,No
C00643,41,Two year,Fiber optic,Credit card,53.54,4,Yes,Yes,0,Yes
C00644,27,Month-to-month,DSL,Mailed check,95.29,5,Yes,Yes,0,Yes
C00645,23,Month-to-month,No internet,Bank transfer,34.23,1,Yes,No,1,Yes
C00646,72,Month-to-month,Fiber optic,Bank transfer,24.2,2,No,Yes,0,No
C00647,54,Month-to-month,Fiber optic,Electronic check,76.81,2,No,Yes,0,No
C00648,21,One year,Fiber optic,Bank transfer,69.94,1,No,Yes,0,No
C00649,42,Two year,No internet,Electronic check,41.85,1,No,Yes,0,No
C00650,31,Two year,No internet,Credit card,117.92,1,No,Yes,1,No
C00651,32,Month-to-month,DSL,Electronic check,105.52,0,No,No,0,No
C00652,62,One year,Fiber optic,Credit card,108.67,0,No,No,0,No
C00653,66,Two year,DSL,Bank transfer,46.78,5,Yes,No,0,No
C00654,32,Month-to-month,No internet,Credit card,35.57,1,,Yes,0,Yes
C00655,0,Month-to-month,No internet,Bank transfer,96.86,3,No,No,1,Yes
C00656,47,One year,Fiber optic,Credit card,60.86,1,No,Yes,0,No
C00657,58,Two year,No internet,Electronic check,28.89,1,No,No,1,No
C00658,57,One year,DSL,Electronic check,87.44,0,Yes,Yes,0,Yes
C00659,48,Two year,Fiber optic,Bank transfer,55.3,1,Yes,No,0,No
C00660,45,One year,DSL,Mailed check,40.16,1,Yes,Yes,0,No
C00661,22,Two year,No internet,Credit card,99.72,0,Yes,Yes,0,No
C00662,31,One year,DSL,Credit card,87.93,0,No,No,0,No
C00663,13,One year,No internet,Mailed check,74.11,2,Yes,No,0,No
C00664,70,One year,DSL,Credit card,25.05,0,No,No,0,Yes
C00665,69,One year,DSL,Electronic check,41.26,2,Yes,No,0,No
C00666,8,Month-to-month,Fiber optic,Electronic check,80.21,0,No,No,0,Yes
C00667,14,Month-to-month,DSL,Credit card,113.1,1,Yes,No,0,Yes
C00668,66,Month-to-month,No internet,Electronic check,98.94,3,No,No,1,Yes
C00669,68,Month-to-month,Fiber optic,Electronic check,41.44,1,Yes,Yes,0,No
C00670,47,One year,DSL,Electronic check,90.54,0,No,Yes,0,Yes
C00671,9,Month-to-month,DSL,Credit card,21.02,1,No,Yes,1,Yes
C00672,8,Two year,Fiber optic,Bank transfer,,1,No,Yes,0,No
C00673,30,One year,No internet,Credit card,57.77,2,No,Yes,1,Yes
C00674,41,One year,Fiber optic,Electronic check,89.46,2,No,No,0,No
C00675,42,Month-to-month,No internet,Mailed check,71.53,0,Yes,Yes,0,No
C00676,29,Two year,DSL,Credit card,86.86,0,Yes,Yes,0,No
C00677,43,Two year,DSL,Bank transfer,66.01,2,No,Yes,0,No
C00678,62,One year,No internet,Bank transfer,87.63,2,Yes,Yes,0,No
C00679,10,Two year,DSL,Credit card,32.84,0,No,No,0,Yes
C00680,0,Two year,No internet,Credit card,36.54,3,Yes,No,0,Yes
C00681,64,Month-to-month,No internet,Mailed check,51.84,4,No,No,1,Yes
C00682,28,One year,DSL,Mailed check,33.45,3,No,No,0,No
C00683,38,Two year,No internet,Mailed check,93.39,1,Yes,No,0,Yes
C00684,64,One year,DSL,Mailed check,75.67,1,Yes,Yes,0,No
C00685,32,Two year,Fiber optic,Mailed check,,0,Yes,Yes,0,No
C00686,2,Two year,DSL,Bank transfer,51.37,1,Yes,No,0,Yes
C00687,10,One year,Fiber optic,Electronic check,84.78,1,No,No,0,Yes
C00688,55,One year,DSL,Mailed check,106.62,0,Yes,Yes,0,No
C00689,7,Two year,DSL,Mailed check,103.87,3,Yes,Yes,0,Yes
C00690,46,One year,Fiber optic,Bank transfer,52.23,4,No,Yes,0,No
C00691,19,One year,DSL,Credit card,45.05,3,No,Yes,0,No
C00692,26,Month-to-month,Fiber optic,Mailed check,88.74,1,Yes,No,0,No
C00693,43,Month-to-month,DSL,Bank transfer,54.54,0,No,No,0,No
C00694,10,One year,DSL,Mailed check,,0,Yes,No,0,No
C00695,38,Two year,Fiber optic,Mailed check,52.11,3,Yes,No,0,No
C00696,39,One year,Fiber optic,Electronic check,54.62,4,Yes,Yes,0,No
C00697,38,Month-to-month,No internet,Electronic check,42.38,1,Yes,Yes,0,Yes
C00698,12,One year,No internet,Bank transfer,108.43,2,No,Yes,1,Yes
C00699,71,Two year,No internet,Bank transfer,78.01,1,No,No,0,Yes
C00700,9,Month-to-month,No internet,Credit card,82.02,1,Yes,No,0,Yes
C00701,13,Month-to-month,DSL,Bank transfer,29.53,1,Yes,Yes,0,No
C00702,36,One year,Fiber optic,Bank transfer,91.42,0,No,No,0,Yes
C00703,47,One year,DSL,Bank transfer,108.66,4,No,No,1,Yes
C00704,12,Two year,DSL,Mailed check,119.81,1,Yes,No,0,No
C00705,2,Two year,Fiber optic,Credit card,71.08,4,Yes,Yes,1,No
C00706,58,Two year,DSL,Electronic check,96.94,3,Yes,Yes,0,Yes
C00707,58,Month-to-month,DSL,Mailed check,74.54,0,No,Yes,0,No
C00708,71,Month-to-month,DSL,Bank transfer,70.29,1,No,Yes,1,No
C00709,45,Two year,Fiber optic,Mailed check,23.25,4,No,Yes,0,No
C00710,1,One year,No internet,Credit card,74.86,0,No,Yes,1,Yes
C00711,30,Month-to-month,DSL,Credit card,23.58,0,Yes,Yes,0,Yes
C00712,12,Month-to-month,DSL,Mailed check,79.76,3,No,No,0,No
C00713,60,Two year,No internet,Electronic check,53.57,0,No,No,0,No
C00714,21,Two year,DSL,Electronic check,71.0,3,Yes,Yes,0,No
C00715,21,One year,DSL,Electronic check,81.39,4,No,No,0,Yes
C00716,58,Month-to-month,DSL,Credit card,107.41,0,No,No,1,No
C00717,20,Two year,No internet,Credit card,37.06,0,Yes,No,0,No
C00718,46,Two year,DSL,Credit card,40.18,5,Yes,Yes,0,Yes
C00719,52,Month-to-month,Fiber optic,Bank transfer,76.2,0,Yes,No,0,No
C00720,12,Month-to-month,Fiber optic,Bank transfer,44.38,0,Yes,No,0,No
C00721,59,One year,DSL,Mailed check,80.76,0,No,No,0,No
C00722,22,Month-to-month,DSL,Bank transfer,59.44,3,Yes,Yes,1,Yes
C00723,14,Two year,Fiber optic,Mailed check,87.48,0,No,No,0,No
C00724,72,One year,No internet,Electronic check,81.6,3,No,Yes,0,Yes
C00725,65,One year,DSL,Credit card,77.89,0,No,No,0,No
C00726,70,Month-to-month,DSL,Electronic check,25.6,1,No,No,0,Yes
C00727,52,Month-to-month,DSL,Bank transfer,59.56,0,Yes,No,1,No
C00728,45,One year,No internet,Mailed check,92.26,0,Yes,No,0,No
C00729,36,Month-to-month,Fiber optic,Credit card,104.0,0,Yes,No,1,Yes
C00730,23,One year,DSL,Electronic check,23.5,1,Yes,No,0,Yes
C00731,1,Month-to-month,Fiber optic,Bank transfer,22.08,1,No,No,1,Yes
C00732,14,One year,Fiber optic,Credit card,90.61,0,Yes,No,0,Yes
C00733,69,Month-to-month,DSL,Electronic check,38.55,3,Yes,No,0,Yes
C00734,10,Month-to-month,Fiber optic,Mailed check,36.77,0,No,No,0,Yes
C00735,47,One year,No internet,Electronic check,82.23,0,Yes,Yes,0,No
C00736,45,One year,DSL,Electronic check,109.43,1,Yes,No,0,Yes
C00737,27,Two year,DSL,Mailed check,,5,No,No,0,No
C00738,9,One year,DSL,Bank transfer,31.17,3,Yes,No,0,Yes
C00739,52,Two year,DSL,Credit card,87.5,3,No,No,1,No
C00740,67,One year,DSL,Electronic check,97.06,0,No,Yes,0,No
C00741,0,Two year,Fiber optic,Electronic check,40.05,0,Yes,No,0,No
C00742,56,Month-to-month,DSL,Mailed check,67.39,2,Yes,No,0,No
C00743,14,One year,No internet,Mailed check,44.04,3,Yes,Yes,0,Yes
C00744,37,Two year,Fiber optic,Credit card,43.95,3,No,Yes,0,Yes
C00745,53,Two year,Fiber optic,Bank transfer,30.07,4,No,No,0,Yes
C00746,11,Month-to-month,DSL,Credit card,,1,No,Yes,0,Yes
C00747,71,One year,DSL,Bank transfer,106.26,1,No,Yes,0,No
C00748,14,One year,DSL,Bank transfer,48.9,4,Yes,Yes,1,No
C00749,30,One year,Fiber optic,Mailed check,41.19,1,No,Yes,1,Yes
C00750,60,Month-to-month,DSL,Electronic check,52.53,0,No,Yes,0,Yes
C00751,72,Two year,Fiber optic,Mailed check,109.61,4,,Yes,1,No
C00752,18,One year,No internet,Credit card,117.11,1,No,Yes,0,Yes
C00753,3,Month-to-month,DSL,Mailed check,116.19,0,No,Yes,1,Yes
C00754,14,One year,No internet,Electronic check,80.03,0,No,Yes,0,Yes
C00755,60,Month-to-month,DSL,Electronic check,,5,Yes,No,0,Yes
C00756,13,Two year,No internet,Credit card,114.55,1,No,No,0,No
C00757,15,Month-to-month,DSL,Credit card,40.86,3,Yes,No,0,Yes
C00758,29,One year,DSL,Credit card,37.38,0,No,Yes,0,No
C00759,57,One year,Fiber optic,Credit card,74.43,0,Yes,No,0,No
C00760,53,One year,No internet,Electronic check,24.89,4,Yes,Yes,0,Yes
C00761,3,Month-to-month,No internet,Credit card,48.53,1,No,No,0,Yes
C00762,44,One year,Fiber optic,Mailed check,49.44,0,No,Yes,0,No
C00763,55,Month-to-month,DSL,Credit card,43.61,3,No,No,0,No
C00764,18,Month-to-month,DSL,Bank transfer,87.49,2,No,Yes,0,Yes
C00765,47,Two year,No internet,Credit card,,3,Yes,Yes,0,No
C00766,33,One year,DSL,Credit card,87.44,1,Yes,No,0,No
C00767,13,One year,No internet,Bank transfer,83.47,4,No,No,0,No
C00768,25,One year,Fiber optic,Bank transfer,100.38,2,No,No,0,No
C00769,59,Two year,Fiber optic,Electronic check,94.34,2,Yes,No,0,No
C00770,17,Month-to-month,DSL,Credit card,114.21,2,No,No,1,Yes
C00771,22,Two year,DSL,Mailed check,32.91,0,No,Yes,0,No
C00772,25,Month-to-month,No internet,Mailed check,20.0,0,,No,0,No
C00773,18,Month-to-month,No internet,Mailed check,57.05,2,No,Yes,1,No
C00774,34,One year,Fiber optic,Electronic check,118.49,0,Yes,Yes,0,No
C00775,61,One year,Fiber optic,Credit card,39.19,1,Yes,Yes,0,No
C00776,43,One year,DSL,Electronic check,33.89,0,No,No,0,No
C00777,35,One year,No internet,Mailed check,117.72,5,No,No,0,Yes
C00778,67,Month-to-month,Fiber optic,Mailed check,39.04,0,No,Yes,0,Yes
C00779,24,Two year,Fiber optic,Electronic check,72.63,2,No,Yes,0,No
C00780,63,Month-to-month,DSL,Credit card,79.52,2,No,No,0,Yes
C00781,12,Month-to-month,DSL,Mailed check,46.28,3,No,Yes,0,No
C00782,60,One year,DSL,Bank transfer,71.73,0,No,No,0,Yes
C00782,60,One year,DSL,Bank transfer,71.73,0,No,No,0,Yes
C00783,10,Two year,No internet,Electronic check,86.09,1,,No,0,Yes
C00784,44,Month-to-month,DSL,Mailed check,106.26,0,Yes,Yes,0,Yes
C00785,50,Month-to-month,No internet,Bank transfer,37.41,1,Yes,No,0,No
C00786,55,One year,DSL,Credit card,107.38,2,Yes,No,1,No
C00787,12,Two year,No internet,Credit card,54.73,0,Yes,No,0,No
C00788,43,Month-to-month,Fiber optic,Bank transfer,102.7,2,No,Yes,0,Yes
C00789,69,Two year,Fiber optic,Mailed check,36.86,0,,Yes,1,No
C00790,0,One year,No internet,Credit card,81.18,2,Yes,No,0,No
C00791,65,One year,No internet,Electronic check,104.35,0,Yes,Yes,0,Yes
C00792,44,One year,DSL,Credit card,46.22,0,Yes,No,0,No
C00793,64,Two year,DSL,Credit card,30.0,0,Yes,Yes,0,No
C00794,13,One year,No internet,Mailed check,90.43,2,No,No,0,Yes
C00795,53,Month-to-month,No internet,Credit card,63.21,0,Yes,No,0,Yes
C00796,5,Two year,Fiber optic,Mailed check,51.52,1,No,No,0,Yes
C00797,66,Two year,DSL,Mailed check,58.35,0,,No,0,No
C00798,15,Two year,DSL,Mailed check,102.59,3,No,No,0,Yes
C00799,23,Month-to-month,No internet,Mailed check,96.68,2,,Yes,1,No
C00800,31,One year,No internet,Mailed check,43.05,2,Yes,No,0,No
C00801,42,Month-to-month,Fiber optic,Mailed check,73.67,1,No,No,1,No
C00802,17,Month-to-month,DSL,Mailed check,75.53,2,No,Yes,1,No
C00803,62,One year,No internet,Credit card,64.53,0,Yes,No,0,Yes
C00804,69,One year,No internet,Mailed check,73.47,1,No,No,0,No
C00805,66,Two year,DSL,Electronic check,,0,No,No,0,No
C00806,44,Month-to-month,No internet,Credit card,35.15,2,Yes,No,0,Yes
C00807,67,Two year,Fiber optic,Mailed check,70.63,0,Yes,Yes,0,Yes
C00808,6,Two year,Fiber optic,Electronic check,90.54,4,Yes,Yes,0,No
C00809,26,Two year,DSL,Credit card,32.68,5,Yes,Yes,0,No
C00810,61,Month-to-month,DSL,Bank transfer,22.43,0,No,No,0,No
C00811,52,One year,DSL,Bank transfer,52.64,2,No,No,0,No
C00812,44,Two year,DSL,Electronic check,55.7,2,,No,0,No
C00813,67,Two year,No internet,Electronic check,106.98,4,Yes,No,0,No
C00814,15,Month-to-month,No internet,Bank transfer,90.99,0,No,Yes,0,No
C00815,58,Two year,Fiber optic,Bank transfer,33.48,2,No,No,0,No
C00816,3,Month-to-month,No internet,Credit card,53.71,0,Yes,Yes,0,No
C00817,29,Two year,No internet,Credit card,67.26,4,Yes,No,0,Yes
C00818,59,Two year,DSL,Bank transfer,60.29,2,,Yes,1,No
C00819,64,Two year,No internet,Mailed check,115.48,1,No,No,0,No
C00820,61,Two year,No internet,Electronic check,88.25,3,Yes,No,0,No
C00821,10,Month-to-month,No internet,Electronic check,27.4,4,Yes,Yes,1,Yes
C00822,51,One year,Fiber optic,Electronic check,84.59,2,No,No,0,No
C00823,61,Month-to-month,Fiber optic,Electronic check,23.83,1,No,No,0,No
C00824,33,Two year,DSL,Electronic check,,3,No,No,0,No
C00825,58,One year,DSL,Mailed check,119.48,2,No,Yes,1,Yes
C00826,5,One year,DSL,Bank transfer,114.31,1,No,No,1,No
C00827,13,One year,No internet,Credit card,37.52,5,No,No,0,Yes
C00828,28,Two year,No internet,Mailed check,80.25,1,Yes,Yes,1,No
C00829,70,Two year,No internet,Bank transfer,25.26,0,Yes,No,0,No
C00830,30,Two year,No internet,Bank transfer,66.05,2,Yes,Yes,0,No
C00831,71,Two year,No internet,Credit card,64.38,2,Yes,Yes,1,No
C00832,67,One year,DSL,Mailed check,34.62,1,Yes,No,0,No
C00833,11,Month-to-month,No internet,Credit card,88.85,5,Yes,Yes,0,Yes
C00834,50,One year,Fiber optic,Credit card,39.39,2,No,Yes,0,No
C00835,8,Month-to-month,No internet,Electronic check,110.21,0,No,No,0,No
C00836,42,Month-to-month,Fiber optic,Electronic check,,0,No,Yes,0,Yes
C00837,14,Two year,No internet,Electronic check,81.89,3,Yes,Yes,0,Yes
C00838,68,Two year,No internet,Mailed check,27.96,1,Yes,No,0,No
C00839,7,Two year,Fiber optic,Mailed check,75.97,0,No,No,1,No
C00840,22,One year,No internet,Mailed check,94.0,3,No,No,0,No
C00841,69,One year,No internet,Mailed check,108.84,2,No,Yes,0,No
C00842,41,One year,DSL,Bank transfer,49.03,0,Yes,No,0,No
C00843,72,Two year,DSL,Mailed check,91.43,4,No,Yes,0,Yes
C00844,11,One year,DSL,Credit card,20.77,2,No,No,0,No
C00845,62,Month-to-month,No internet,Electronic check,34.85,2,No,No,0,No
C00846,39,Month-to-month,Fiber optic,Electronic check,74.95,1,No,Yes,0,Yes
C00847,38,Month-to-month,No internet,Electronic check,64.19,2,Yes,Yes,0,No
C00848,34,Two year,Fiber optic,Electronic check,118.19,1,No,Yes,0,Yes
C00849,52,One year,Fiber optic,Bank transfer,48.79,2,No,No,0,Yes
C00850,35,Two year,DSL,Bank transfer,113.56,3,Yes,No,1,No
C00851,52,Month-to-month,No internet,Bank transfer,85.46,0,No,Yes,0,Yes
C00852,41,Month-to-month,DSL,Bank transfer,99.5,3,No,No,1,No
C00853,36,Two year,Fiber optic,Credit card,85.13,0,Yes,No,0,No
C00854,56,One year,DSL,Credit card,117.22,0,No,Yes,0,No
C00855,8,One year,No internet,Mailed check,86.86,5,Yes,No,0,Yes
C00856,37,Month-to-month,Fiber optic,Credit card,79.61,0,No,No,0,Yes
C00857,6,Two year,No internet,Credit card,84.77,0,Yes,Yes,0,Yes
C00858,60,One year,DSL,Electronic check,88.73,0,Yes,No,1,No
C00859,14,Month-to-month,DSL,Bank transfer,20.37,0,No,Yes,1,Yes
C00860,42,Two year,Fiber optic,Bank transfer,79.56,0,No,Yes,0,No
C00861,55,Two year,DSL,Bank transfer,68.9,0,No,No,0,No
C00862,62,Two year,DSL,Credit card,70.91,0,No,No,0,Yes
C00863,13,One year,No internet,Mailed check,89.3,5,No,No,0,No
C00864,2,Two year,Fiber optic,Electronic check,89.21,0,No,No,0,No
C00865,1,One year,No internet,Mailed check,67.41,2,No,Yes,0,Yes
C00866,58,Month-to-month,DSL,Credit card,36.23,0,No,No,0,No
C00867,30,Month-to-month,DSL,Electronic check,33.45,3,No,Yes,1,Yes
C00868,27,Two year,Fiber optic,Mailed check,71.4,2,Yes,No,0,No
C00869,24,One year,No internet,Mailed check,,1,Yes,No,0,No
C00870,67,Month-to-month,No internet,Electronic check,81.45,2,Yes,No,0,Yes
C00871,4,Month-to-month,No internet,Mailed check,92.84,3,Yes,Yes,0,Yes
C00872,18,Two year,No internet,Mailed check,53.43,2,Yes,Yes,0,No
C00873,43,Two year,No internet,Electronic check,72.92,2,Yes,Yes,0,No
C00874,14,One year,Fiber optic,Bank transfer,67.33,0,Yes,No,0,No
C00875,5,Two year,Fiber optic,Mailed check,38.41,0,No,Yes,0,Yes
C00876,12,Month-to-month,No internet,Credit card,73.05,3,Yes,Yes,0,No
C00877,5,One year,DSL,Bank transfer,43.63,4,No,Yes,0,Yes
C00878,22,Two year,No internet,Bank transfer,,2,No,Yes,0,No
C00879,37,One year,Fiber optic,Electronic check,116.7,0,Yes,Yes,0,No
C00880,13,One year,No internet,Mailed check,72.99,0,No,No,0,No
C00881,34,One year,DSL,Credit card,48.19,0,No,Yes,0,Yes
C00882,68,One year,Fiber optic,Electronic check,82.67,0,,Yes,1,Yes
C00883,26,Month-to-month,No internet,Bank transfer,40.94,3,Yes,No,1,No
C00884,65,Month-to-month,DSL,Credit card,25.18,3,Yes,Yes,0,No
C00885,5,Two year,Fiber optic,Mailed check,31.26,1,Yes,No,0,No
C00886,1,Month-to-month,Fiber optic,Mailed check,106.64,1,Yes,No,1,Yes
C00887,10,Month-to-month,Fiber optic,Electronic check,44.66,4,No,No,0,Yes
C00888,54,Two year,DSL,Bank transfer,25.5,1,Yes,No,0,No
C00889,28,Month-to-month,DSL,Electronic check,98.0,0,Yes,No,0,Yes
C00890,3,One year,DSL,Credit card,52.07,1,Yes,No,0,No
C00891,30,One year,DSL,Credit card,63.7,0,Yes,No,0,No
C00892,6,Two year,Fiber optic,Bank transfer,57.33,0,No,Yes,1,Yes
C00893,1,One year,No internet,Bank transfer,36.8,2,No,Yes,0,Yes
C00894,69,One year,Fiber optic,Mailed check,88.47,0,No,Yes,0,Yes
C00895,5,Two year,Fiber optic,Mailed check,109.63,1,No,No,0,Yes
C00896,41,Month-to-month,Fiber optic,Credit card,21.1,1,No,No,1,No
C00897,30,Two year,DSL,Mailed check,23.25,0,No,No,0,No
C00898,69,Two year,DSL,Mailed check,57.87,0,Yes,Yes,0,No
C00899,54,Two year,Fiber optic,Mailed check,39.19,4,Yes,No,1,Yes
C00900,47,Two year,No internet,Electronic check,,3,Yes,No,0,No
C00901,6,One year,DSL,Mailed check,36.93,4,No,No,0,Yes
C00902,15,Two year,DSL,Mailed check,97.6,0,No,No,0,No
C00903,7,One year,No internet,Mailed check,52.23,2,No,No,0,No
C00904,60,One year,Fiber optic,Electronic check,54.51,2,No,Yes,0,No
C00905,54,Month-to-month,DSL,Bank transfer,102.73,2,No,Yes,0,No
C00906,57,Two year,No internet,Credit card,86.16,3,Yes,No,0,No
C00907,4,Two year,No internet,Electronic check,28.84,0,No,Yes,0,Yes
C00908,69,One year,No internet,Credit card,57.02,4,No,No,1,Yes
C00909,53,One year,DSL,Electronic check,20.71,0,No,Yes,0,No
C00910,52,Month-to-month,DSL,Mailed check,83.72,3,Yes,No,1,No
C00911,20,Month-to-month,No internet,Mailed check,51.87,0,Yes,Yes,0,No
C00912,30,Two year,DSL,Bank transfer,107.73,4,No,No,0,No
C00913,35,Month-to-month,DSL,Mailed check,,4,Yes,Yes,0,Yes
C00914,63,One year,Fiber optic,Credit card,88.99,0,Yes,Yes,0,No
C00915,63,Month-to-month,DSL,Electronic check,52.48,3,Yes,No,0,Yes
C00916,31,Two year,No internet,Mailed check,40.49,0,Yes,Yes,0,No
C00917,69,Month-to-month,DSL,Bank transfer,106.02,2,Yes,No,0,Yes
C00918,11,Two year,No internet,Bank transfer,,1,Yes,No,0,No
C00919,50,Two year,No internet,Mailed check,67.88,2,No,Yes,0,No
C00920,1,Month-to-month,DSL,Electronic check,117.5,2,No,Yes,0,Yes
C00921,52,Month-to-month,DSL,Credit card,93.75,4,No,No,1,Yes
C00922,62,One year,Fiber optic,Mailed check,59.62,1,Yes,Yes,0,No
C00923,15,Two year,DSL,Bank transfer,34.9,2,No,Yes,0,No
C00924,54,One year,No internet,Bank transfer,54.2,1,Yes,No,1,No
C00925,22,One year,DSL,Electronic check,41.72,1,No,Yes,0,No
C00926,40,Month-to-month,No internet,Electronic check,34.71,0,Yes,Yes,0,No
C00927,54,Month-to-month,Fiber optic,Bank transfer,49.32,2,No,No,0,No
C00928,46,Month-to-month,DSL,Electronic check,99.31,0,No,No,0,Yes
C00929,14,One year,No internet,Mailed check,47.54,2,Yes,Yes,0,No
C00930,48,Month-to-month,Fiber optic,Mailed check,73.48,0,No,Yes,0,No
C00931,69,Two year,Fiber optic,Credit card,42.39,0,Yes,Yes,0,No
C00932,51,One year,No internet,Bank transfer,104.61,0,Yes,Yes,0,No
C00933,43,Month-to-month,DSL,Credit card,30.07,5,Yes,No,0,Yes
C00934,48,Two year,No internet,Bank transfer,32.77,4,Yes,No,0,Yes
C00935,22,Two year,Fiber optic,Credit card,117.08,2,No,No,0,No
C00936,40,Month-to-month,No internet,Electronic check,55.74,5,Yes,No,0,No
C00937,22,One year,Fiber optic,Credit card,118.62,2,No,No,1,Yes
C00938,58,Month-to-month,No internet,Mailed check,76.05,0,No,Yes,0,No
C00939,43,One year,No internet,Credit card,118.64,1,No,Yes,0,No
C00940,2,Two year,No internet,Mailed check,108.95,2,Yes,Yes,0,No
C00941,69,One year,DSL,Mailed check,35.09,0,No,Yes,0,No
C00942,48,One year,Fiber optic,Bank transfer,53.0,0,Yes,No,0,No
C00942,48,One year,Fiber optic,Bank transfer,53.0,0,Yes,No,0,No
C00943,53,Month-to-month,DSL,Electronic check,53.85,1,No,Yes,0,Yes
C00944,72,Month-to-month,DSL,Bank transfer,109.2,1,Yes,No,0,No
C00945,20,Two year,DSL,Bank transfer,102.35,3,Yes,No,0,No
C00946,69,One year,Fiber optic,Mailed check,79.82,1,Yes,Yes,0,No
C00947,3,Month-to-month,DSL,Electronic check,86.08,4,No,No,0,Yes
C00948,55,Month-to-month,No internet,Mailed check,86.3,2,No,Yes,1,No
C00949,25,Month-to-month,Fiber optic,Mailed check,69.89,2,Yes,No,0,Yes
C00950,59,One year,No internet,Mailed check,55.52,0,No,No,0,No
C00951,61,Two year,Fiber optic,Bank transfer,82.25,3,Yes,Yes,0,No
C00952,24,Two year,DSL,Mailed check,103.86,3,Yes,Yes,1,No
C00953,63,One year,Fiber optic,Mailed check,82.11,4,No,Yes,0,Yes
C00954,43,Two year,Fiber optic,Mailed check,90.52,2,No,No,0,No
C00955,4,Month-to-month,DSL,Bank transfer,44.33,3,Yes,Yes,0,No
C00956,65,Month-to-month,No internet,Bank transfer,57.24,1,Yes,Yes,1,No
C00957,2,Two year,DSL,Mailed check,26.28,0,Yes,Yes,0,Yes
C00958,47,Month-to-month,No internet,Mailed check,60.5,1,Yes,Yes,1,No
C00959,36,Two year,DSL,Credit card,72.88,2,Yes,No,0,No
C00960,3,Month-to-month,No internet,Electronic check,45.4,1,Yes,Yes,0,Yes
C00961,8,Month-to-month,Fiber optic,Electronic check,69.1,0,No,Yes,0,No
C00962,18,One year,DSL,Electronic check,21.83,2,No,No,0,No
C00963,52,Month-to-month,No internet,Bank transfer,113.12,5,No,No,1,No
C00964,42,Month-to-month,No internet,Bank transfer,69.86,4,,Yes,0,No
C00965,6,One year,No internet,Bank transfer,109.07,1,Yes,No,0,Yes
C00966,66,Month-to-month,No internet,Credit card,,0,No,Yes,0,No
C00967,39,Month-to-month,No internet,Bank transfer,38.64,2,No,No,1,Yes
C00968,6,Month-to-month,No internet,Credit card,119.14,0,No,Yes,0,Yes
C00969,49,Two year,DSL,Credit card,84.96,0,Yes,No,0,No
C00970,7,Two year,DSL,Credit card,85.4,0,,No,0,Yes
C00971,9,Two year,DSL,Bank transfer,23.41,2,No,Yes,0,No
C00972,67,Two year,Fiber optic,Bank transfer,51.86,2,Yes,Yes,0,No
C00973,34,One year,DSL,Electronic check,95.86,3,Yes,No,0,No
C00974,57,Month-to-month,No internet,Bank transfer,28.44,4,No,No,0,No
C00975,10,One year,DSL,Mailed check,110.15,0,No,No,0,Yes
C00976,3,One year,DSL,Mailed check,25.61,5,No,Yes,0,No
C00977,33,Month-to-month,Fiber optic,Credit card,35.8,2,Yes,No,1,No
C00978,17,Two year,DSL,Mailed check,85.52,2,No,No,0,No
C00979,52,Two year,Fiber optic,Credit card,57.54,3,No,Yes,0,Yes
C00980,11,One year,DSL,Mailed check,25.49,0,Yes,Yes,0,No
C00981,65,Month-to-month,Fiber optic,Credit card,116.51,1,Yes,Yes,0,No
C00982,43,One year,No internet,Credit card,28.49,1,Yes,No,0,No
C00983,20,One year,Fiber optic,Bank transfer,23.24,0,No,Yes,0,Yes
C00984,5,Two year,No internet,Electronic check,40.62,1,Yes,No,0,Yes
C00985,36,Month-to-month,DSL,Mailed check,51.95,4,Yes,Yes,0,Yes
C00986,61,Month-to-month,No internet,Mailed check,97.43,0,No,Yes,0,No
C00987,22,Month-to-month,DSL,Credit card,44.5,0,No,Yes,0,No
C00988,3,One year,No internet,Mailed check,97.24,5,Yes,Yes,0,Yes
C00989,21,Two year,No internet,Mailed check,36.52,1,Yes,Yes,0,No
C00990,24,Two year,DSL,Electronic check,29.43,2,Yes,No,0,No
C00991,40,Two year,Fiber optic,Mailed check,101.81,0,Yes,Yes,1,No
C00992,63,Month-to-month,DSL,Mailed check,44.95,2,,Yes,0,No
C00993,10,Two year,No internet,Bank transfer,93.93,2,Yes,Yes,0,Yes
C00994,27,Two year,Fiber optic,Mailed check,91.69,1,,Yes,0,No
C00995,39,One year,Fiber optic,Bank transfer,42.22,1,Yes,Yes,0,No
C00996,30,Month-to-month,Fiber optic,Mailed check,47.47,1,Yes,No,0,No
C00997,26,One year,Fiber optic,Credit card,77.41,2,Yes,Yes,1,No
C00998,6,One year,DSL,Bank transfer,42.97,0,Yes,Yes,0,No
C00999,12,Month-to-month,Fiber optic,Bank transfer,80.65,0,No,Yes,0,No
C01000,34,Month-to-month,DSL,Credit card,114.77,2,No,Yes,0,Yes
